DRUGBANK_ID,DB30000
DB00014,0.01
DB00035,0.277182
DB00091,0.0949367
DB00093,0.233927
DB30000,1