,ANWABDrug,BGUMIDrug,CKPFCDrug,DJLEADrug,EAYPPDrug,FEHHUDrug,GUTJODrug
ANWABDrug,1,0.12713957,0.883607268,0.617440789,0.179400377,0.627789741,0.6556175
BGUMIDrug,0.455531288,1,0.407394983,0.085599979,0.896935549,0.541326926,0.523255136
CKPFCDrug,0.407853056,0.762598136,1,0.097757938,0.731035759,0.287864765,0.880182045
DJLEADrug,0.211008613,0.709373869,0.574527919,1,0.53623646,0.359246018,0.991815086
EAYPPDrug,0.999060256,0.922641418,0.561161815,0.356266537,1,0.032406575,0.116888819
FEHHUDrug,0.04445585,0.560990075,0.602910242,0.746048133,0.423834104,1,0.782813743
GUTJODrug,0.845473314,0.785197359,0.807827145,0.340282635,0.740066155,0.09693533,1