,ANWABDrug,BGUMIDrug,CKPFCDrug,DJLEADrug,EAYPPDrug,FEHHUDrug
ANWABDrug,1,0.960699481,0.017378431,0.91161305,0.966240901,0.474432466
BGUMIDrug,0.451766102,1,0.943260995,0.073181645,0.492292441,0.3261645
CKPFCDrug,0.713994467,0.208610045,1,0.320075955,0.187391865,0.770554404
DJLEADrug,0.928039018,0.621995,0.037934819,1,0.698680808,0.66260937
EAYPPDrug,0.659457565,0.379239509,0.847062905,0.58765094,1,0.246076274
FEHHUDrug,0.405083718,0.683897475,0.814707953,0.516731971,0.500137246,1